Division,Sales,Units,Gross Profit,Cost,Products,Orders,Avg_Row_Margin,Gross Margin (%),Profit per Unit,Revenue Share (%),Profit Share (%),Cost to Sales (%)
Chocolate,131692.9,37275,88824.62,42868.28,5,8205,67.45816245441226,67.44829827576126,2.3829542588866532,92.88300772099007,95.05774655725214,32.55170172423874
Other,9742.0,1263,4380.7,5361.3,4,310,38.09639727361247,44.967152535413675,3.4684877276326205,6.871032995840211,4.688108661127449,55.03284746458633
Sugar,348.73,116,237.48,111.25,6,34,57.2811771274674,68.09852894789664,2.0472413793103446,0.2459592831697143,0.25414478162041376,31.901471052103346
